客流数据(单位：万人次),,,,,,,,
日期,1号线,2号线,3号线,4号线,5号线,4号线支线,11号线,总量
2020-06-01,27.63,26.86,11.81,23.85,0,3.15,0,93.3
2020-06-02,26.53,25.75,11.41,22.78,0,3.01,0,89.48
2020-06-03,25.77,24.88,10.97,22.05,0,2.95,0,86.62
2020-06-04,27.13,25.89,11.42,23.14,0,2.99,0,90.57
2020-06-05,25.51,25.56,10.98,21.95,0,3.05,0,87.05
2020-06-06,25.7,22.91,10.55,22.07,0,2.39,0,83.62
2020-06-07,23.19,21.87,9.74,21.03,0,2.44,0,78.27
2020-06-08,27.66,27.34,11.7,24.24,0,3.16,0,94.1
2020-06-09,26.89,26.16,11.47,23.3,0,3.01,0,90.83
2020-06-10,26.58,25.7,11.33,22.85,0,2.93,0,89.39
2020-06-11,26.73,25.83,11.38,22.96,0,2.96,0,89.86
2020-06-12,28.44,27.92,12.07,24.42,0,3.38,0,96.23
2020-06-13,24.33,22.16,10.07,21.49,0,2.35,0,80.4
2020-06-14,20.93,20.3,9.02,19.59,0,2.28,0,72.12
2020-06-15,24.34,24.96,10.72,21.48,0,2.9,0,84.4
2020-06-16,24.98,24.89,10.89,21.76,0,2.92,0,85.44
2020-06-17,27.23,26.39,11.65,23.47,0,3.11,0,91.85
2020-06-18,26.36,25.4,11.38,22.37,0,2.98,0,88.49
2020-06-19,29.49,28.25,12.42,24.87,0,3.24,0,98.27
2020-06-20,23.49,21.4,9.75,20.36,0,2.44,0,77.44
2020-06-21,18.6,18.02,7.9,16.76,0,2.05,0,63.33
2020-06-22,26.9,26.38,11.61,23,0,3.01,0,90.9
2020-06-23,25.98,25.48,11.16,22.41,0,2.92,0,87.95
2020-06-24,29.99,30.54,12.57,26.43,0,3.52,0,103.05
2020-06-25,28.21,24.85,11.43,24.53,0,2.37,0,91.39
2020-06-26,26.81,22.89,10.5,22.64,0,2.17,0,85.01
2020-06-27,20.55,20.92,8.57,18.57,0,1.99,0,70.6
2020-06-28,25.59,25.62,11.09,22.29,0,2.75,0,87.34
2020-06-29,27.16,26.54,11.78,22.84,0,2.83,0,91.15
2020-06-30,29.28,28.15,12.71,25,0,2.96,0,98.1
2020-07-01,28.66,27.54,12.62,24.63,0,2.91,0,96.36
2020-07-02,27.81,26.99,12.08,23.71,0,2.88,0,93.47
2020-07-03,30.02,29.35,12.83,25.37,0,3.11,0,100.68
2020-07-04,25.41,23.75,10.74,22.48,0,2.47,0,84.85
2020-07-05,18.6,18.62,8.13,17.56,0,1.92,0,64.83
2020-07-06,25.42,25.89,11.4,22.02,0,2.7,0,87.43
2020-07-07,28.34,27.66,12.46,24.58,0,2.91,0,95.95
2020-07-08,28.24,27.31,12.46,24.21,0,2.96,0,95.18
2020-07-09,28.1,27.16,12.28,24.12,0,2.83,0,94.49
2020-07-10,31.02,29.64,13.1,25.87,0,2.95,0,102.58
2020-07-11,24.96,23.1,10.49,21.68,0,2.22,0,82.45
2020-07-12,26.34,24.21,11.37,23.39,0,2.24,0,87.55
2020-07-13,29.02,28.05,12.56,24.43,0,2.84,0,96.9
2020-07-14,30.24,28.38,12.93,25.35,0,2.9,0,99.8
2020-07-15,26.03,25.17,11.51,21.59,0,2.5,0,86.8
2020-07-16,30.33,28.52,12.97,25.34,0,2.87,0,100.03
2020-07-17,31.4,29.79,13.37,26.3,0,2.92,0,103.78
2020-07-18,29.78,25.9,12.18,25.25,0,2.43,0,95.54
2020-07-19,26.77,24.38,11.35,23.89,0,2.21,0,88.6
2020-07-20,30.09,28.25,12.87,24.92,0,2.88,0,99.01
2020-07-21,33.23,29.87,13.99,27.56,0,3,0,107.65
2020-07-22,32.56,29.21,13.75,26.66,0,2.96,0,105.14
2020-07-23,32.35,28.8,13.59,26.31,0,2.97,0,104.02
2020-07-24,33.79,30.24,13.96,27.2,0,3.09,0,108.28
2020-07-25,30.9,25.9,12.32,25.31,0,2.45,0,96.88
2020-07-26,28.02,24.69,11.71,24.33,0,2.39,0,91.14
2020-07-27,31.83,29.17,13.57,26.32,0,3,0,103.89
2020-07-28,31.78,28.79,13.65,26.4,0,3.01,0,103.63
2020-07-29,31.28,28.27,13.53,25.8,0,2.96,0,101.84
2020-07-30,31.61,28.68,13.56,26.13,0,2.95,0,102.93
2020-07-31,34.15,31.13,14.23,27.71,0,3.05,0,110.27
2020-08-01,31.56,27.38,13.05,26.03,0,2.97,0,100.99
2020-08-02,27.8,25.88,12.05,24.24,0,2.35,0,92.32
2020-08-03,31.69,29.81,13.69,26.34,0,3,0,104.53
2020-08-04,31.22,28.59,13.43,25.71,0,2.93,0,101.88
2020-08-05,31.53,28.89,13.71,26.29,0,2.97,0,103.39
2020-08-06,31.94,28.87,13.66,26.45,0,2.98,0,103.9
2020-08-07,33.22,30.51,14.13,27.12,0,3.02,0,108
2020-08-08,29.43,25.86,12.27,24.78,0,2.38,0,94.72
2020-08-09,26.63,24.68,11.63,23.4,0,2.18,0,88.52
2020-08-10,31.45,29.51,13.69,26.37,0,2.93,0,103.95
2020-08-11,31.57,29.16,13.83,26.46,0,2.93,0,103.95
2020-08-12,32.01,29.18,13.78,26.42,0,2.97,0,104.36
2020-08-13,31.71,28.96,13.61,26.14,0,2.91,0,103.33
2020-08-14,33.69,30.88,14.28,27.34,0,2.97,0,109.16
2020-08-15,29.52,25.27,12.15,24.33,0,2.35,0,93.62
2020-08-16,26.34,24.07,11.37,22.85,0,2.1,0,86.73
2020-08-17,30.75,29.01,13.55,25.65,0,2.87,0,101.83
2020-08-18,31.25,28.79,13.61,25.91,0,2.91,0,102.47
2020-08-19,31.48,28.84,13.72,25.98,0,2.91,0,102.93
2020-08-20,31.5,28.83,13.77,26.04,0,2.93,0,103.07
2020-08-21,33.39,31.07,14.37,27.36,0,3.02,0,109.21
2020-08-22,29.53,25.98,12.59,24.78,0,2.36,0,95.24
2020-08-23,26.81,24.71,11.76,23.42,0,2.18,0,88.88
2020-08-24,31.36,29.62,13.71,26.45,0,2.95,0,104.09
2020-08-25,34.1,30.79,14.81,28.31,0,3,0,111.01
2020-08-26,31.2,29.16,13.67,26.08,0,2.92,0,103.03
2020-08-27,31.62,29.17,13.82,25.99,0,2.85,0,103.45
2020-08-28,31.03,29.5,13.39,25.46,0,2.82,0,102.2
2020-08-29,27.59,25.14,11.85,23.6,0,2.48,0,90.66
2020-08-30,26.05,24.23,11.44,23.13,0,2.34,0,87.19
2020-08-31,28.82,28.66,13.1,24.94,0,2.88,0,98.4
2020-09-01,28.97,28.28,13.11,24.89,0,2.97,0,98.22
2020-09-02,28.76,27.82,12.91,24.59,0,2.99,0,97.07
2020-09-03,29.72,28.75,13.3,25.52,0,3.09,0,100.38
2020-09-04,32.24,31.44,14.1,27.36,0,3.46,0,108.6
2020-09-05,29.12,26.36,12.25,24.94,0,2.92,0,95.59
2020-09-06,26.83,25.2,11.66,23.8,0,2.85,0,90.34
2020-09-07,29.25,28.93,13.26,25.21,0,3.21,0,99.86
2020-09-08,29.13,28.29,13.21,24.97,0,3.14,0,98.74
2020-09-09,29.6,28.51,13.36,25.33,0,3.22,0,100.02
2020-09-10,29.69,28.49,13.18,25.03,0,3.18,0,99.57
2020-09-11,32.42,31.57,14.25,27.44,0,3.74,0,109.42
2020-09-12,31,27.14,12.84,26.19,0,3.21,0,100.38
2020-09-13,27.94,25.76,12.01,24.94,0,3.09,0,93.74
2020-09-14,29.04,29.1,13.21,25.23,0,3.4,0,99.98
2020-09-15,27.48,27.12,12.64,23.52,0,3.12,0,93.88
2020-09-16,30.33,29.05,13.56,25.87,0,3.4,0,102.21
2020-09-17,27.68,26.92,12.61,23.38,0,3.05,0,93.64
2020-09-18,32.25,31.78,14.47,27.41,0,3.74,0,109.65
2020-09-19,31.78,28.06,13.42,27.03,0,3.23,0,103.52
2020-09-20,29.48,26.84,12.61,25.94,0,3.25,0,98.12
2020-09-21,30.07,29.83,13.63,26.15,0,3.44,0,103.12
2020-09-22,29.94,29.02,13.59,25.55,0,3.31,0,101.41
2020-09-23,29.73,28.54,13.46,25.24,0,3.35,0,100.32
2020-09-24,30.81,29.46,13.83,26.3,0,3.44,0,103.84
2020-09-25,33.38,31.96,14.77,28.25,0,3.75,0,112.11
2020-09-26,28.58,25.67,12.28,24.99,0,3.09,0,94.61
2020-09-27,30.65,29.53,13.76,26.27,0,3.27,0,103.48
2020-09-28,30.22,28.47,13.7,26.77,0,3.44,0,102.6
2020-09-29,30.24,28.85,13.64,27.14,0,3.42,0,103.29
2020-09-30,33.97,33.15,15.33,32.07,0,4.58,0,119.1
2020-10-01,36.73,30.97,16.21,34.58,0,3.73,0,122.22
2020-10-02,37.55,30.17,15.55,34.68,0,3.25,0,121.2
2020-10-03,31.04,26.27,12.13,29.15,0,2.54,0,101.13
2020-10-04,28.39,25.13,11.11,26.86,0,2.4,0,93.89
2020-10-05,32.36,27.92,13.01,30.6,0,2.89,0,106.78
2020-10-06,30.34,26.33,12.56,28.71,0,2.87,0,100.81
2020-10-07,29.19,25.43,12.57,27.45,0,3.06,0,97.7
2020-10-08,26.27,23.95,11.89,25.4,0,2.94,0,90.45
2020-10-09,30.05,28.46,14.07,27.36,0,3.46,0,103.4
2020-10-10,32.25,29.65,15.09,28.89,0,4.02,0,109.9
2020-10-11,27.02,23.05,12.66,25.59,0,3.37,0,91.69
2020-10-12,30.32,28.87,14.28,27.29,0,3.51,0,104.27
2020-10-13,30.2,28.22,14.08,26.8,0,3.4,0,102.7
2020-10-14,30.51,28.03,14.09,26.64,0,3.46,0,102.73
2020-10-15,29.41,27.26,13.59,25.95,0,3.33,0,99.54
2020-10-16,32.47,30.33,14.95,28.42,0,3.9,0,110.07
2020-10-17,33.91,27.26,15.21,29.62,0,3.82,0,109.82
2020-10-18,30.85,26.34,14.27,28.49,0,3.92,0,103.87
2020-10-19,30.94,29.25,14.51,27.68,0,3.58,0,105.96
2020-10-20,30.97,28.66,14.4,27.38,0,3.48,0,104.89
2020-10-21,30.56,28.03,14.09,26.59,0,3.43,0,102.7
2020-10-22,31.36,28.75,14.48,27.32,0,3.52,0,105.43
2020-10-23,35.56,32.7,16.28,31.64,0,4.59,0,120.77
2020-10-24,33.86,27.28,15.4,30.29,0,4.03,0,110.86
2020-10-25,31.11,26.39,14.55,29.2,0,3.86,0,105.11
2020-10-26,30.72,29.23,14.52,27.36,0,3.53,0,105.36
2020-10-27,30.94,28.56,14.5,27.06,0,3.43,0,104.49
2020-10-28,31.31,28.65,14.63,27.39,0,3.59,0,105.57
2020-10-29,31.38,28.46,14.62,27.44,0,3.68,0,105.58
2020-10-30,34.78,32.61,16.28,31.58,0,4.46,0,119.71
2020-10-31,34.98,28.55,16.55,32.05,0,4.66,0,116.79
2020-11-01,29.13,25.52,13.99,28.5,0,3.68,0,100.82
2020-11-02,30.37,29,14.59,27.41,0,3.59,0,104.96
2020-11-03,30.97,28.67,14.76,27.29,0,3.51,0,105.2
2020-11-04,31.6,28.97,14.92,27.6,0,3.64,0,106.73
2020-11-05,31.91,28.96,15.08,27.86,0,3.61,0,107.42
2020-11-06,35.35,32.89,16.42,31.38,0,4.42,0,120.46
2020-11-07,33.45,27.32,15.1,29.54,0,3.78,0,109.19
2020-11-08,30.71,26.15,14.02,28.82,0,3.57,0,103.27
2020-11-09,31.57,29.46,15.02,28.09,0,3.68,0,107.82
2020-11-10,31.56,28.9,14.99,27.78,0,3.56,0,106.79
2020-11-11,32.48,29.23,15.41,28.4,0,3.74,0,109.26
2020-11-12,31.62,28.36,14.91,27.58,0,3.57,0,106.04
2020-11-13,35.32,32.32,16.63,31.35,0,4.4,0,120.02
2020-11-14,34.11,26.44,15.16,29.61,0,3.77,0,109.09
2020-11-15,30.81,25.47,14.28,28.78,0,3.56,0,102.9
2020-11-16,31.14,28.94,14.87,27.66,0,3.59,0,106.2
2020-11-17,31.4,28.33,14.82,27.44,0,3.55,0,105.54
2020-11-18,31.81,28.56,14.97,27.83,0,3.67,0,106.84
2020-11-19,31.18,27.97,14.71,27.18,0,3.48,0,104.52
2020-11-20,34.53,31.98,16.82,30.92,0,4.25,0,118.5
2020-11-21,31.69,25.11,14.27,28.44,0,3.54,0,103.05
2020-11-22,24.5,21.28,11.36,23.67,0,3.04,0,83.85
2020-11-23,30.05,27.84,14.49,26.77,0,3.5,0,102.65
2020-11-24,29.33,28,14.35,25.05,0,3.32,0,100.05
2020-11-25,29.58,27.93,14.51,25.04,0,3.36,0,100.42
2020-11-26,29.86,27.64,14.49,25.26,0,3.35,0,100.6
2020-11-27,33.57,30.52,16.2,29.41,0,4.18,0,113.88
2020-11-28,32.09,24.91,14.59,28.12,0,3.41,0,103.12
2020-11-29,30.54,24.41,13.91,28.11,0,3.44,0,100.41
2020-11-30,31.63,29,15.5,28.11,0,3.66,0,107.9
2020-12-01,30.88,28.07,15.25,27.46,0,3.53,0,105.19
2020-12-02,30.99,27.88,15.13,27.41,0,3.59,0,105
2020-12-03,31.25,28.02,15.25,27.5,0,3.53,0,105.55
2020-12-04,35.5,32.08,17.09,31.64,0,4.41,0,120.72
2020-12-05,32.31,25.33,14.77,28.9,0,3.75,0,105.06
2020-12-06,29.65,24.56,14.14,28.38,0,3.8,0,100.53
2020-12-07,30.64,28.32,15.15,27.42,0,3.59,0,105.12
2020-12-08,30.59,27.92,15.24,27.14,0,3.47,0,104.36
2020-12-09,31.75,28.28,15.54,27.89,0,3.64,0,107.1
2020-12-10,31.24,27.92,15.24,27.54,0,3.54,0,105.48
2020-12-11,34.75,31.18,16.84,30.73,0,4.19,0,117.69
2020-12-12,33.69,26.39,15.6,29.89,0,3.48,0,109.05
2020-12-13,29.4,24.22,13.93,27.69,0,3.27,0,98.51
2020-12-14,30.67,28.6,15.41,27.47,0,3.6,0,105.75
2020-12-15,30.53,28.51,15.69,27.81,0,3.53,0,106.07
2020-12-16,32,28.67,15.88,28.42,0,3.71,0,108.68
2020-12-17,31.58,28.41,15.56,27.89,0,3.57,0,107.01
2020-12-18,34.7,31.43,16.92,30.9,0,4.22,0,118.17
2020-12-19,32.21,25.85,15.03,29.24,0,3.57,0,105.9
2020-12-20,29.89,25.34,14.46,29.3,0,3.94,0,102.93
2020-12-21,31.73,29.36,15.78,28.87,0,3.75,0,109.49
2020-12-22,31.89,28.76,15.76,28.33,0,3.55,0,108.29
2020-12-23,31.91,28.62,15.9,28.42,0,3.67,0,108.52
2020-12-24,33.88,29.51,16.73,29.64,0,3.75,0,113.51
2020-12-25,38.42,33.58,18.94,34.25,0,4.84,0,130.03
2020-12-26,30.77,24.5,14.85,27.94,0,3.34,0,101.4
2020-12-27,27.62,22.96,13.39,26.62,0,3.2,0,93.79
2020-12-28,32.21,29.45,16.15,28.94,0,3.75,0,110.5
2020-12-29,29.19,26.56,14.92,25.7,0,3.3,0,99.67
2020-12-30,31.84,28.98,16.64,28.43,0,3.75,0,109.64
2020-12-31,44.69,38.99,22.53,39.7,0,5.76,0,151.67
2021-01-01,40.1,30.48,19.55,37.02,0,4.14,0,131.29
2021-01-02,32.35,25.59,15.39,30.33,0,3.21,0,106.87
2021-01-03,26.67,24.52,13.29,26.89,0,3.17,0,94.54
2021-01-04,30.5,28.64,15.79,27.85,0,3.68,0,106.46
2021-01-05,30.37,28.19,15.67,27.2,0,3.52,0,104.95
2021-01-06,30.66,28.05,15.86,27.22,0,3.57,0,105.36
2021-01-07,29.67,27.06,15.52,26.29,0,3.47,0,102.01
2021-01-08,32.83,30.16,17.15,29.23,0,4.06,0,113.43
2021-01-09,27.01,22.61,13.64,24.93,0,3.01,0,91.2
2021-01-10,24.66,21.07,12.58,23.65,0,2.75,0,84.71
2021-01-11,30.85,28.63,16.11,27.54,0,3.55,0,106.68
2021-01-12,31.07,28.22,16.1,27.43,0,3.49,0,106.31
2021-01-13,31.52,28.57,16.29,28.18,0,3.71,0,108.27
2021-01-14,31.49,28.13,15.83,27.71,0,3.44,0,106.6
2021-01-15,34.08,30.3,16.69,29.79,0,3.65,0,114.51
2021-01-16,26.8,21.82,13.09,24.38,0,2.44,0,88.53
2021-01-17,23.86,20.16,11.88,22.42,0,2.19,0,80.51
2021-01-18,30.62,27.61,15.52,26.8,0,3.04,0,103.59
2021-01-19,30.5,26.98,15.42,26.27,0,2.99,0,102.16
2021-01-20,31.05,27.18,15.63,26.33,0,3.05,0,103.24
2021-01-21,30.29,26.23,15.22,25.41,0,2.85,0,100
2021-01-22,30.04,26.2,15.32,24.81,0,2.74,0,99.11
2021-01-23,23.63,18.44,11.97,20.05,0,1.93,0,76.02
2021-01-24,23.67,18.48,11.76,20.71,0,1.92,0,76.54
2021-01-25,29.31,25.82,14.87,23.96,0,2.76,0,96.72
2021-01-26,28.24,23.17,14.42,22.92,0,2.63,0,91.38
2021-01-27,29.34,22.25,14.7,23.62,0,2.68,0,92.59
2021-01-28,29.96,21.95,15.07,23.97,0,2.7,0,93.65
2021-01-29,31.07,23.82,15.35,24.57,0,2.69,0,97.5
2021-01-30,25.62,19.23,12.54,21.01,0,2.01,0,80.41
2021-01-31,23.1,17.38,11.41,19.62,0,1.86,0,73.37
2021-02-01,27.38,22.86,13.84,21.95,0,2.47,0,88.5
2021-02-02,30.38,24.53,14.95,24.37,0,2.65,0,96.88
2021-02-03,30.31,24.44,14.93,24.39,0,2.66,0,96.73
2021-02-04,30.22,24.2,14.68,24.22,0,2.6,0,95.92
2021-02-05,28.94,23.31,14.12,22.95,0,2.45,0,91.77
2021-02-06,24.04,18.72,11.61,20.57,0,1.94,0,76.88
2021-02-07,27.18,21.52,13.06,22.07,0,2.26,0,86.09
2021-02-08,26.46,20.93,12.53,21.51,0,2.22,0,83.65
2021-02-09,25.05,19.61,11.74,20.65,0,2.09,0,79.14
2021-02-10,19.86,16.27,9.56,17.02,0,1.67,0,64.38
2021-02-11,8.7,7.89,5.15,8.31,0,0.78,0,30.83
2021-02-12,17.35,12.3,9.67,14.66,0,1.11,0,55.09
2021-02-13,22.33,17.07,12.11,20.64,0,1.51,0,73.66
2021-02-14,23.28,17.38,12.24,20.62,0,1.63,0,75.15
2021-02-15,18.8,14.54,9.72,16.58,0,1.35,0,60.99
2021-02-16,21.42,17.35,10.7,19.67,0,1.6,0,70.74
2021-02-17,20.72,17.8,10.5,19.1,0,1.62,0,69.74
2021-02-18,27.27,23.17,13.04,23.42,0,2.38,0,89.28
2021-02-19,29.22,24.9,14.07,24.85,0,2.58,0,95.62
2021-02-20,30.05,25.76,14.58,25.56,0,2.62,0,98.57
2021-02-21,24.66,21.41,12.39,22.99,0,2.08,0,83.53
2021-02-22,30.12,27.72,15.11,26.16,0,2.85,0,101.96
2021-02-23,30.41,27.75,15.3,26.36,0,2.83,0,102.65
2021-02-24,31.09,28.19,15.49,26.94,0,2.89,0,104.6
2021-02-25,28.01,25.96,14.22,24.06,0,2.6,0,94.85
2021-02-26,30.37,28.4,15.4,25.83,0,2.78,0,102.78
2021-02-27,27.31,23.53,13.46,24.42,0,2.37,0,91.09
2021-02-28,25.8,23.02,12.92,24.25,0,2.46,0,88.45
2021-03-01,28.61,28.02,14.99,25.36,0,2.98,0,99.96
2021-03-02,32.01,30.52,16.44,28.39,0,3.4,0,110.76
2021-03-03,32.21,30.26,16.46,28.4,0,3.35,0,110.68
2021-03-04,31.78,30.36,16.23,28.45,0,3.48,0,110.3
2021-03-05,34.21,32.8,17.53,30.14,0,3.71,0,118.39
2021-03-06,27.85,24.37,13.9,25.34,0,2.68,0,94.14
2021-03-07,24.11,22.31,12.74,23.44,0,2.56,0,85.16
2021-03-08,34.1,31.79,17.35,29.85,0,3.54,0,116.63
2021-03-09,31.63,30.12,16.39,27.88,0,3.4,0,109.42
2021-03-10,33.31,31.16,17.12,29.25,0,3.53,0,114.37
2021-03-11,29.99,28.58,15.69,26.2,0,3.17,0,103.63
2021-03-12,35.84,33.94,18.19,31.35,0,3.91,0,123.23
2021-03-13,34.23,28.76,16.68,30.21,0,3.07,0,112.95
2021-03-14,31.89,27.96,16.15,30.14,0,3.26,0,109.4
2021-03-15,32.37,31.07,16.77,28.88,0,3.66,0,112.75
2021-03-16,31.49,30.1,16.46,27.82,0,3.39,0,109.26
2021-03-17,32.07,30.14,16.53,28.02,0,3.45,0,110.21
2021-03-18,32.78,30.86,16.77,28.58,0,3.52,0,112.51
2021-03-19,34.89,33.74,18.05,31.06,0,4.09,0,121.83
2021-03-20,32.18,27.73,16.27,29.45,0,3.6,0,109.23
2021-03-21,31.32,28.14,15.89,30.82,0,4.14,0,110.31
2021-03-22,34.1,32.96,17.77,30.83,0,4.08,0,119.74
2021-03-23,34.42,32.33,17.75,30.41,0,3.89,0,118.8
2021-03-24,34.81,32.35,17.94,30.49,0,3.99,0,119.58
2021-03-25,34.45,32.28,17.69,30.45,0,3.87,0,118.74
2021-03-26,38.07,35.96,19.39,33.91,0,4.6,0,131.93
2021-03-27,32.4,27.69,15.84,28.87,0,3.44,0,108.24
2021-03-28,33.44,29.39,17.96,31.87,0,4,0,116.66
2021-03-29,33.42,32.63,17.57,30.25,0,3.92,0,117.79
2021-03-30,32.89,31.53,17.27,29.32,0,3.75,0,114.76
2021-03-31,32.25,30.89,16.85,28.79,0,3.82,0,112.6
2021-04-01,32,30.87,16.63,28.74,0,3.73,0,111.97
2021-04-02,37.3,37.49,19.37,35.6,0,4.93,0,134.69
2021-04-03,36.72,33.16,16.94,35.73,0,3.86,0,126.41
2021-04-04,46.51,37.59,22.26,43.45,0,4.39,0,154.2
2021-04-05,31.99,31.76,16.2,33.88,0,4.11,0,117.94
2021-04-06,33.1,33.19,17.43,30.41,0,3.84,0,117.97
2021-04-07,33.12,31.69,17.17,29.4,0,3.79,0,115.17
2021-04-08,33.97,32.15,17.52,30.08,0,3.83,0,117.55
2021-04-09,38.03,35.98,19.43,33.66,0,4.61,0,131.71
2021-04-10,36.92,31.63,18.2,33.4,0,4.33,0,124.48
2021-04-11,26.64,24.47,13.28,25.48,0,3.32,0,93.19
2021-04-12,32.28,31.64,16.91,28.97,0,3.74,0,113.54
2021-04-13,34.17,32.68,17.61,30.45,0,3.81,0,118.72
2021-04-14,34.2,32.43,17.65,30.51,0,3.9,0,118.69
2021-04-15,34.66,32.65,17.63,30.7,0,3.87,0,119.51
2021-04-16,38.46,37.38,19.58,34.98,0,4.77,0,135.17
2021-04-17,37.86,32.35,17.96,35.15,0,4.36,0,127.68
2021-04-18,37.1,31.19,17.24,33.27,0,3.91,0,122.71
2021-04-19,34.24,33.63,17.64,31.07,0,3.97,0,120.55
2021-04-20,34.15,32.62,17.46,30.56,0,3.89,0,118.68
2021-04-21,34.52,32.67,17.57,30.78,0,4.02,0,119.56
2021-04-22,33.18,31.19,16.9,29.14,0,3.86,0,114.27
2021-04-23,37.26,34.82,18.79,32.92,0,4.5,0,128.29
2021-04-24,31.41,27.06,15.65,29.27,0,3.67,0,107.06
2021-04-25,33.41,31.65,17.13,30.24,0,3.73,0,116.16
2021-04-26,33.68,32.43,17.33,30.22,0,3.94,0,117.6
2021-04-27,31.02,30.2,16.33,27.73,0,3.58,0,108.86
2021-04-28,34.57,33.08,17.65,30.99,0,4.09,0,120.38
2021-04-29,34.45,33.67,17.45,31.16,0,4.07,0,120.8
2021-04-30,38.33,38.02,19.82,37.47,0,5.14,0,138.78
2021-05-01,47.94,39.77,22.45,45.87,0,4.54,0,160.57
2021-05-02,52.14,42.14,22.07,48.43,0,4.28,0,169.06
2021-05-03,47.27,38.94,19.2,43.96,0,3.89,0,153.26
2021-05-04,31.86,27.68,13.51,30.86,0,3,0,106.91
2021-05-05,31.76,29.84,15.26,32.93,0,3.96,0,113.75
2021-05-06,32.44,32.9,16.81,29.95,0,3.82,0,115.92
2021-05-07,33.57,32.6,17.44,30.3,0,3.87,0,117.78
2021-05-08,35.5,33.83,18.1,31.92,0,4.31,0,123.66
2021-05-09,29.15,26.13,14.95,27.88,0,3.38,0,101.49
2021-05-10,32.43,31.95,16.92,29.35,0,3.82,0,114.47
2021-05-11,30.74,30.07,16.27,27.68,0,3.56,0,108.32
2021-05-12,32.26,30.94,16.8,28.76,0,3.76,0,112.52
2021-05-13,32.81,31.62,16.91,29.54,0,3.75,0,114.63
2021-05-14,34.83,34.28,18.2,31.55,0,4.26,0,123.12
2021-05-15,31.77,27.81,15.86,29.68,0,3.69,0,108.81
2021-05-16,27.48,25.55,14.11,27.17,0,3.42,0,97.73
2021-05-17,32.71,32.31,17.17,29.9,0,3.98,0,116.07
2021-05-18,33.05,31.66,17.17,29.73,0,3.88,0,115.49
2021-05-19,32.07,30.58,16.61,28.32,0,3.72,0,111.3
2021-05-20,34.99,32.62,17.98,31.04,0,3.99,0,120.62
2021-05-21,37.94,36.49,19.35,34.19,0,4.81,0,132.78
2021-05-22,35.18,29.97,17.31,32.46,0,4.02,0,118.94
2021-05-23,23.52,22.37,12.08,22.86,0,2.81,0,83.64
2021-05-24,33.26,33.02,17.41,30.1,0,3.95,0,117.74
2021-05-25,33.01,32.52,17.41,29.62,0,3.84,0,116.4
2021-05-26,29.61,28.43,15.94,26.08,0,3.42,0,103.48
2021-05-27,33.69,31.84,17.45,29.93,0,3.91,0,116.82
2021-05-28,37.29,35.48,19.27,33.15,0,4.68,0,129.87
2021-05-29,34.55,29.24,16.99,31.1,0,3.91,0,115.79
2021-05-30,31.34,27.33,15.73,29.46,0,3.74,0,107.6
2021-05-31,32.83,31.91,17.42,29.47,0,3.8,0,115.43
2021-06-01,31.9,30.42,17.14,28.28,0,3.6,0,111.34
2021-06-02,31.23,29.8,16.55,27.55,0,3.63,0,108.76
2021-06-03,30.95,29.42,16.25,27.16,0,3.55,0,107.33
2021-06-04,36.6,34.53,18.79,32.32,0,4.45,0,126.69
2021-06-05,32.96,27.72,16.36,29.55,0,3.57,0,110.16
2021-06-06,29.05,25.33,14.64,27.34,0,3.26,0,99.62
2021-06-07,32.56,31.55,17.18,29.25,0,3.8,0,114.34
2021-06-08,32.5,30.93,16.99,28.91,0,3.6,0,112.93
2021-06-09,29.95,28.43,15.76,26.55,0,3.44,0,104.13
2021-06-10,31.86,30.16,16.55,27.91,0,3.52,0,110
2021-06-11,35.94,35.78,18.66,32.84,0,4.37,0,127.59
2021-06-12,31.29,29.3,15.64,30.77,0,3.67,0,110.67
2021-06-13,31.35,27.39,15.33,29.91,0,3.28,0,107.26
2021-06-14,30.77,29.2,15.88,31.33,0,3.64,0,110.82
2021-06-15,32.11,32.54,16.85,29.49,0,3.75,0,114.74
2021-06-16,33.21,32.13,17.23,29.66,0,3.75,0,115.98
2021-06-17,31.19,30.27,16.16,27.81,0,3.45,0,108.88
2021-06-18,34.13,33.37,17.59,30.75,0,4,0,119.84
2021-06-19,28.56,25.62,14.1,25.99,0,3.15,0,97.42
2021-06-20,28.73,25.99,14.32,27.75,0,3.17,0,99.96
2021-06-21,33.61,32.75,17.58,30.49,0,3.81,0,118.24
2021-06-22,33.32,31.92,17.57,30.19,0,3.74,0,116.74
2021-06-23,33.48,31.96,17.98,30.32,0,3.84,0,117.58
2021-06-24,33.39,32.06,17.77,30.34,0,3.64,0,117.2
2021-06-25,36.44,34.84,19.61,33.54,0,4.23,0,128.66
2021-06-26,29.47,26.06,15.13,27.76,0,2.97,0,101.39
2021-06-27,26.63,23.91,13.65,25.66,0,2.65,0,92.5
2021-06-28,34.52,33.31,18.08,31.33,0,3.68,0,120.92
2021-06-29,34.11,33.26,19.3,32.57,7.55,3.76,0,130.55
2021-06-30,36.09,34.57,20.91,34.56,10.89,3.88,0,140.9
2021-07-01,38.89,34.18,22.48,34.09,11.33,3.82,0,144.79
2021-07-02,34.44,34.07,19.45,33.33,10.06,3.77,0,135.12
2021-07-03,29.48,27.42,16.86,29.74,11.47,2.79,0,117.76
2021-07-04,27.96,27.07,15.97,29.46,10.98,2.66,0,114.1
2021-07-05,34.43,33.93,19.43,32.82,9.78,3.46,0,133.85
2021-07-06,34.84,33.89,20.02,32.87,9.93,3.51,0,135.06
2021-07-07,33.5,32.05,19,31.23,8.93,3.38,0,128.09
2021-07-08,32.45,31.76,18.45,30.67,8.85,3.27,0,125.45
2021-07-09,36.38,35.32,20.3,33.91,10.1,3.47,0,139.48
2021-07-10,31.57,28.65,17.27,31.05,10.03,2.76,0,121.33
2021-07-11,32.32,29.62,18.29,32.36,11.11,2.68,0,126.38
2021-07-12,34.54,33.78,19.68,32.62,9.66,3.38,0,133.66
2021-07-13,34.22,33.04,19.54,32.22,9.73,3.3,0,132.05
2021-07-14,33.87,32.41,19.32,31.58,9.58,3.26,0,130.02
2021-07-15,34.1,32.78,19.38,31.73,9.63,3.22,0,130.84
2021-07-16,36.79,35.39,20.47,34.2,10.43,3.36,0,140.64
2021-07-17,33.54,30.4,18.55,32.68,12.67,2.69,0,130.53
2021-07-18,30.73,29.47,17.63,32.05,11.1,2.58,0,123.56
2021-07-19,34.34,33.9,19.62,32.63,10.19,3.37,0,134.05
2021-07-20,34.01,33.1,19.5,32.27,10.14,3.35,0,132.37
2021-07-21,34.03,32.76,19.52,32.02,10.02,3.34,0,131.69
2021-07-22,33.22,31.43,19.16,30.93,9.89,3.25,0,127.88
2021-07-23,33.69,32.27,19.37,31.11,9.88,3.24,0,129.56
2021-07-24,21.15,19.87,12.71,20.7,6.75,2.04,0,83.22
2021-07-25,12.66,11.67,8.06,12.79,4.05,1.22,0,50.45
2021-07-26,19.16,16.44,11.77,17.13,5.47,1.92,0,71.89
2021-07-27,25.09,24.43,15.06,22.92,7.11,2.59,0,97.2
2021-07-28,29.45,27.48,17.55,26.63,8.44,3,0,112.55
2021-07-29,30.27,27.9,17.83,27.25,8.86,3.01,0,115.12
2021-07-30,31.13,28.69,18.37,28.02,9.16,3.02,0,118.39
2021-07-31,22.04,20.17,13.9,21.44,7.26,2.2,0,87.01
2021-08-01,20.26,18.47,12.74,20.02,7.02,1.94,0,80.45
2021-08-02,25.95,25.46,15.88,23.66,7.88,2.72,0,101.55
2021-08-03,25.05,24.05,15.43,22.68,7.63,2.64,0,97.48
2021-08-04,24.98,23.82,15.42,22.49,7.65,2.66,0,97.02
2021-08-05,24.69,23.48,15.27,22.12,7.59,2.58,0,95.73
2021-08-06,25.29,23.97,15.59,22.57,7.71,2.59,0,97.72
2021-08-07,17.98,16.5,11.74,17.39,6.52,1.75,0,71.88
2021-08-08,17,15.12,11.06,16.7,6.18,1.66,0,67.72
2021-08-09,24.68,23.76,15.3,22.37,7.69,2.62,0,96.42
2021-08-10,24.52,23.32,15.11,22.16,7.54,2.55,0,95.2
2021-08-11,23.63,22.57,14.63,21.13,7.2,2.45,0,91.61
2021-08-12,23.76,22.44,14.67,21.32,7.33,2.48,0,92
2021-08-13,25.14,23.74,15.29,22.19,7.65,2.52,0,96.53
2021-08-14,20.59,17.47,12.92,18.99,6.64,1.76,0,78.37
2021-08-15,15.6,14.32,10.19,15.67,5.54,1.46,0,62.78
2021-08-16,24.66,23.95,15.26,22.55,7.73,2.59,0,96.74
2021-08-17,25.94,24.61,16.1,23.58,8.25,2.69,0,101.17
2021-08-18,26.28,24.87,16.19,23.83,8.37,2.7,0,102.24
2021-08-19,26,24.37,16.05,23.58,8.28,2.68,0,100.96
2021-08-20,26.93,25.6,16.37,24.38,8.45,2.73,0,104.46
2021-08-21,20.59,18.39,13.08,19.95,7.54,1.94,0,81.49
2021-08-22,18.74,16.91,12.03,19.13,7.25,1.76,0,75.82
2021-08-23,25.59,24.87,15.66,23.65,8.15,2.73,0,100.65
2021-08-24,26.42,24.93,16.11,24.07,8.37,2.69,0,102.59
2021-08-25,26.89,25.56,16.41,24.64,8.69,2.79,0,104.98
2021-08-26,26.83,25.38,16.33,24.62,8.59,2.72,0,104.47
2021-08-27,27.81,27.06,16.82,25.73,8.96,2.84,0,109.22
2021-08-28,21.84,20.23,13.73,21.68,8.16,2.04,0,87.68
2021-08-29,20.1,18.57,12.74,20.5,7.57,1.88,0,81.36
2021-08-30,26.75,26.11,16.38,25.02,8.75,2.83,0,105.84
2021-08-31,26.36,25.76,16.32,24.75,8.6,2.76,0,104.55
2021-09-01,26.57,26.53,16.39,25.42,8.64,2.98,0,106.53
2021-09-02,26.13,26.04,15.7,24.82,8.44,2.95,0,104.08
2021-09-03,28.89,28.8,17.23,27.49,9.39,3.29,0,115.09
2021-09-04,22.85,21.16,13.86,22.87,8.58,2.18,0,91.5
2021-09-05,21.29,20.08,13.17,22.41,8.37,2.26,0,87.58
2021-09-06,27.46,27.98,16.74,26.35,9.19,3.17,0,110.89
2021-09-07,27.66,27.82,17.08,26.61,9.33,3.13,0,111.63
2021-09-08,28.23,28.21,17.11,26.92,9.41,3.18,0,113.06
2021-09-09,27.82,27.67,16.9,26.43,9.19,3.12,0,111.13
2021-09-10,30.75,29.96,18.15,28.62,9.89,3.43,0,120.8
2021-09-11,24.46,21.97,14.24,23.68,8.95,2.24,0,95.54
2021-09-12,21.14,19.66,12.42,21.58,7.95,2.08,0,84.83
2021-09-13,25.31,24.88,15.77,23.66,8.34,2.93,0,100.89
2021-09-14,26.4,25.77,16.23,24.77,8.67,3,0,104.84
2021-09-15,28.65,29,17.19,27.57,9.44,3.25,0,115.1
2021-09-16,28.93,29.02,17.24,27.83,9.74,3.3,0,116.06
2021-09-17,29.57,29.47,17.5,28.35,10.01,3.33,0,118.23
2021-09-18,30.75,31.95,18.4,30.39,10.72,3.7,0,125.91
2021-09-19,29.11,26.99,16.21,29.2,10.92,2.51,0,114.94
2021-09-20,30.59,26.66,16.92,30.09,11.53,2.54,0,118.33
2021-09-21,28.05,28.24,17.26,30.89,12.08,2.78,0,119.3
2021-09-22,28.57,30.64,17.38,28.93,9.87,3.54,0,118.93
2021-09-23,29.06,29.46,17.31,27.83,9.72,3.3,0,116.68
2021-09-24,31.94,30.86,18.49,29.88,10.4,3.63,0,125.2
2021-09-25,23.84,21.86,14.02,24.92,8.78,2.32,0,95.74
2021-09-26,28.54,28.78,17.06,28.53,9.99,3.26,0,116.16
2021-09-27,28.95,29.91,17.33,28.87,10.27,3.35,0,118.68
2021-09-28,29.06,30.02,17.38,28.91,10.39,3.33,0,119.09
2021-09-29,29.25,30.36,17.16,28.94,10.25,3.25,0,119.21
2021-09-30,32.16,34.11,19.09,34.97,11.95,3.83,0,136.11
2021-10-01,35.15,30,20.64,37.5,13.51,2.92,0,139.72
2021-10-02,34.97,28.93,19.99,36.81,13.23,2.71,0,136.64
2021-10-03,33.25,27.88,18.17,34.45,12.15,2.52,0,128.42
2021-10-04,28.7,25.35,15.51,30.06,10.53,2.25,0,112.4
2021-10-05,27.64,24.67,15.04,28.95,10.33,2.27,0,108.9
2021-10-06,26.34,24.39,14.96,28.15,9.98,2.4,0,106.22
2021-10-07,21.77,22.78,13.1,25.22,8.54,2.4,0,93.81
2021-10-08,27.82,30.06,16.97,29,9.63,3.62,0,117.1
2021-10-09,30.35,31.3,18.49,31.78,10.61,4.17,0,126.7
2021-10-10,20.6,20.8,12.73,23.89,8.11,2.63,0,88.76
2021-10-11,28.15,29.66,17.2,28.43,9.79,3.47,0,116.7
2021-10-12,29.39,30,17.55,29.19,10.34,3.52,0,119.99
2021-10-13,27.79,28.3,16.81,27.3,9.6,3.28,0,113.08
2021-10-14,29.1,29.29,17.31,28.74,10.13,3.39,0,117.96
2021-10-15,31.75,32.58,18.86,31.97,10.69,3.91,0,129.76
2021-10-16,25.12,24.32,14.81,26.78,10.69,3.09,0,104.81
2021-10-17,27.43,27.31,16.52,31.82,10.97,3.65,0,117.7
2021-10-18,30.07,31.36,18.31,30.62,11.02,3.61,0,124.99
2021-10-19,30.13,30.83,18.19,30.18,11.12,3.57,0,124.02
2021-10-20,27.92,28.5,17.01,26.13,9.67,3.16,0,112.39
2021-10-21,30.47,30.62,18.37,28.48,10.95,3.41,0,122.3
2021-10-22,33.22,34.05,20.22,34.14,12.08,4.16,0,137.87
2021-10-23,31.39,28.22,17.95,33.06,12.03,3.71,0,126.36
2021-10-24,28.53,26.83,16.5,31.93,11.63,3.53,0,118.95
2021-10-25,29.91,31.24,18.29,31.02,11.15,3.87,0,125.48
2021-10-26,30.08,30.27,18.33,30.24,11.17,3.71,0,123.8
2021-10-27,30.74,30.51,18.56,30.63,11.34,3.85,0,125.63
2021-10-28,30.49,30.28,18.5,30.19,11.24,3.68,0,124.38
2021-10-29,33.64,34.01,20.63,34.31,12.17,4.69,0,139.45
2021-10-30,30.39,28.31,19.22,33.68,13.09,4.44,0,129.13
2021-10-31,26.97,26.17,17.5,31.79,12.08,3.77,0,118.28
2021-11-01,29.3,30.49,18.37,29.98,11.13,3.74,0,123.01
2021-11-02,29.46,29.7,18.35,29.37,11.14,3.67,0,121.69
2021-11-03,29.76,29.51,18.32,29.34,11.06,3.77,0,121.76
2021-11-04,28.71,28.58,17.66,28.1,10.51,3.58,0,117.14
2021-11-05,30.43,30.19,19.03,30.14,10.83,4.07,0,124.69
2021-11-06,24.84,22.23,15.22,26.01,9.47,3.29,0,101.06
2021-11-07,19.73,18.24,12.35,21.67,7.91,2.42,0,82.32
2021-11-08,29.24,29.31,18.31,28.96,10.83,3.66,0,120.31
2021-11-09,29.7,29.15,18.53,29.07,11.03,3.69,0,121.17
2021-11-10,30.6,29.55,18.86,29.73,11.34,3.82,0,123.9
2021-11-11,30.64,29.71,18.88,30.02,11.38,3.7,0,124.33
2021-11-12,33.22,32.45,20.67,33.25,12.22,4.48,0,136.29
2021-11-13,27.45,24.75,16.88,29.75,11.3,3.56,0,113.69
2021-11-14,25.22,23.58,15.83,28.54,11.03,3.25,0,107.45
2021-11-15,29.57,30.11,18.46,29.91,11.32,3.83,0,123.2
2021-11-16,29.83,29.72,18.53,29.6,11.36,3.74,0,122.78
2021-11-17,30.25,29.87,18.63,29.7,11.36,3.84,0,123.65
2021-11-18,30.57,29.96,18.71,30.19,11.53,3.96,0,124.92
2021-11-19,33.58,33.43,20.69,33.95,12.58,4.63,0,138.86
2021-11-20,30.56,27.2,18.26,32.6,12.45,3.8,0,124.87
2021-11-21,21.97,21.67,13.95,25.15,8.9,2.86,0,94.5
2021-11-22,29.57,30.45,18.53,29.57,11.14,3.78,0,123.04
2021-11-23,30.25,30.35,18.98,29.92,11.58,3.76,0,124.84
2021-11-24,31.11,30.92,19.28,30.6,11.84,3.94,0,127.69
2021-11-25,30.21,30.39,18.92,29.91,11.59,3.73,0,124.75
2021-11-26,25.3,27,16.71,25.91,9.88,3.36,0,108.16
2021-11-27,15.87,16.01,10.65,17.7,7.02,1.83,0,69.08
2021-11-28,15.21,14.95,10.07,17.45,6.85,1.81,0,66.34
2021-11-29,25.38,25.74,16.42,24.96,9.73,3.17,0,105.4
2021-11-30,26.66,26.59,17.15,26.19,10.19,3.21,0,109.99
2021-12-01,27.64,27.63,17.97,27.32,10.77,3.35,0,114.68
2021-12-02,27.8,27.69,17.92,27.49,10.85,3.35,0,115.1
2021-12-03,30.11,30.38,19.36,30.55,11.65,3.95,0,126
2021-12-04,23.68,21.96,15.16,26.1,10.19,2.94,0,100.03
2021-12-05,21.72,20.48,13.98,25.11,9.84,2.71,0,93.84
2021-12-06,28.3,28.95,18.14,28.73,11.25,3.58,0,118.95
2021-12-07,28.53,28.64,18.18,28.56,11.29,3.6,0,118.8
2021-12-08,28.96,28.91,18.65,28.91,11.37,3.7,0,120.5
2021-12-09,28.41,28.43,18.26,28.47,11.16,3.58,0,118.31
2021-12-10,31.61,32.16,20.28,32.74,12.36,4.48,0,133.63
2021-12-11,26.09,24.36,16.73,29.62,11.4,3.98,0,112.18
2021-12-12,19.62,18.86,12.62,22.48,7.96,2.49,0,84.03
2021-12-13,28.75,29.08,18.24,29.11,11.3,3.7,0,120.18
2021-12-14,28.7,28.49,18.31,28.64,11.37,3.62,0,119.13
2021-12-15,29.2,28.89,18.72,28.93,11.28,3.68,0,120.7
2021-12-16,28.34,27.79,18.09,27.63,10.89,3.46,0,116.2
2021-12-17,32.31,31.34,20.36,31.99,12.2,4.27,0,132.47
2021-12-18,26.26,23.06,16.57,27.91,10.55,3.37,0,107.72
2021-12-19,23.75,21.66,15.06,26.74,10.2,3.04,0,100.45
2021-12-20,29.22,29.41,18.52,29.65,11.51,3.88,0,122.19
2021-12-21,29.11,28.9,18.77,29.11,11.58,3.73,0,121.2
2021-12-22,30,29.54,19.2,29.82,11.86,3.9,0,124.32
2021-12-23,30.1,29.37,19.13,30.01,11.81,3.85,0,124.27
2021-12-24,25.79,24.7,16.25,24.95,9.75,3.31,0,104.75
2021-12-25,27.45,22.34,16.95,28.64,10.13,3.52,0,109.03
2021-12-26,22.29,19.49,14.25,24.98,9.32,2.93,0,93.26
2021-12-27,29.03,29.15,18.66,29.25,11.41,3.79,0,121.29
2021-12-28,29.65,29.22,19.15,29.42,11.68,3.82,0,122.94
2021-12-29,30.36,29.61,19.51,30.26,11.79,4.08,0,125.61
2021-12-30,31.26,30.58,20.17,32.02,12.34,4.17,0,130.54
2021-12-31,45.63,40.06,28.12,44.08,16.74,5.63,0,180.26
2022-01-01,36.19,29.82,22.31,38.51,14.89,3.49,0,145.21
2022-01-02,28.16,25.25,17.17,31.31,11.91,2.75,0,116.55
2022-01-03,23.03,23.73,14.67,27.08,10.33,2.68,0,101.52
2022-01-04,29.78,30.4,19.1,30.28,11.89,3.76,0,125.21
2022-01-05,26.96,27,17.49,26.52,10.44,3.42,0,111.83
2022-01-06,29.9,29.84,19.21,29.88,11.74,3.68,0,124.25
2022-01-07,31.56,31.48,20.1,31.92,12.5,3.96,0,131.52
2022-01-08,24.87,24.06,15.98,27.15,10.47,2.9,0,105.43
2022-01-09,22.01,21.07,14,24.44,9.23,2.5,0,93.25
2022-01-10,29.49,29.48,18.6,29.56,11.56,3.48,0,122.17
2022-01-11,30.1,29.6,19.02,30.02,11.84,3.5,0,124.08
2022-01-12,30.43,29.6,19.43,30.03,11.98,3.49,0,124.96
2022-01-13,30.9,29.65,19.67,30.32,11.95,3.44,0,125.93
2022-01-14,33.59,31.72,21.13,32.73,12.9,3.53,0,135.6
2022-01-15,27.11,24.36,17.03,28.55,11.19,2.58,0,110.82
2022-01-16,24.99,22.35,15.48,27.08,10.65,2.33,0,102.88
2022-01-17,30.08,29.26,19,29.66,11.97,3.28,0,123.25
2022-01-18,30.31,28.72,18.94,29.87,12.07,3.24,0,123.15
2022-01-19,30.41,28.69,19.31,29.77,12.21,3.18,0,123.57
2022-01-20,30.21,28.5,18.96,29.37,12.05,3.19,0,122.28
2022-01-21,32.39,29.97,19.93,31.91,12.46,3.28,0,129.94
2022-01-22,22.65,20.37,14.03,23.56,9,2.11,0,91.72
2022-01-23,19.7,17.58,12.2,20.81,7.66,1.77,0,79.72
2022-01-24,28.96,26.85,17.77,27.87,10.96,2.91,0,115.32
2022-01-25,29.17,26.98,17.65,28.45,11.26,2.95,0,116.46
2022-01-26,25.37,23.38,15.42,24.21,9.59,2.53,0,100.5
2022-01-27,24.6,23,14.82,23.59,9.34,2.35,0,97.7
2022-01-28,22.81,20.93,13.51,21.76,8.67,2.06,0,89.74
2022-01-29,18.83,17.39,11.06,18.43,7.49,1.63,0,74.83
2022-01-30,15.57,14.51,9.18,16.2,6.75,1.34,0,63.55
2022-01-31,9.17,8.75,6.38,10.51,4.71,0.81,0,40.33
2022-02-01,14.86,12.04,9.33,15.93,7.52,1.07,0,60.75
2022-02-02,11.78,9.26,7.41,12.36,4.94,0.82,0,46.57
2022-02-03,13.48,11.12,8.12,14.28,5.55,1.01,0,53.56
2022-02-04,18.25,16.14,10.49,19.62,8.23,1.36,0,74.09
2022-02-05,19.51,17.99,11.11,21.36,9.47,1.52,0,80.96
2022-02-06,19.05,18.8,11.7,21.96,9.13,1.66,0,82.3
2022-02-07,20.19,19.71,12.25,19.89,7.78,1.78,0,81.6
2022-02-08,26.36,25.29,16.17,26.39,10.42,2.51,0,107.14
2022-02-09,26.71,25.77,16.53,26.38,10.43,2.63,0,108.45
2022-02-10,28.04,27.59,17.33,28.26,11.28,2.9,0,115.4
2022-02-11,26.05,25.42,16.45,25.24,10.06,2.63,0,105.85
2022-02-12,20.52,19.47,13.34,22.19,8.71,1.99,0,86.22
2022-02-13,19.35,18.74,12.49,22.3,8.49,1.82,0,83.19
2022-02-14,11.92,13.4,8.51,13.36,5.19,1.66,0,54.04
2022-02-15,12.68,13.53,9.22,12.19,5.35,1.48,0,54.45
2022-02-16,11.38,12.49,8.53,11.16,4.79,1.41,0,49.76
2022-02-17,9.93,9.99,7.4,8.99,4.3,1.13,0,41.74
2022-02-18,8.78,8,6.74,7.96,3.87,1,0,36.35
2022-02-19,4.24,4.41,3.84,5.02,2.31,0.56,0,20.38
2022-02-20,3.65,3.68,3.08,4.1,1.99,0.46,0,16.96
2022-02-21,10.29,10.01,7.8,9.6,4.49,1.21,0,43.4
2022-02-22,10.15,9.86,7.62,9.41,4.51,1.21,0,42.76
2022-02-23,11.36,11.05,8.35,10.75,5.02,1.36,0,47.89
2022-02-24,12.02,11.79,8.91,11.48,5.37,1.43,0,51
2022-02-25,12.99,12.73,9.51,12.58,5.75,1.6,0,55.16
2022-02-26,7.68,8.26,6.21,9.13,4.35,1.04,0,36.67
2022-02-27,7.48,7.57,6.01,8.93,4.39,0.93,0,35.31
2022-02-28,16.18,15.92,11.74,15.85,7.14,1.92,0,68.75
2022-03-01,16.38,16.28,11.81,16.16,7.18,1.93,0,69.74
2022-03-02,17.32,17.06,12.42,17.08,7.61,2.06,0,73.55
2022-03-03,17.65,17.59,12.55,17.5,7.76,2.11,0,75.16
2022-03-04,18.39,18.49,13.01,18.29,8.05,2.19,0,78.42
2022-03-05,11.85,12.71,9.57,14.46,6.91,1.52,0,57.02
2022-03-06,10.74,11.17,8.39,13.75,6.27,1.32,0,51.64
2022-03-07,20.11,20.84,14.09,20.4,8.79,2.4,0,86.63
2022-03-08,22.6,22.46,15.56,22.87,9.77,2.62,0,95.88
2022-03-09,22.54,22.49,15.36,22.34,9.79,2.55,0,95.07
2022-03-10,23.15,23.16,15.52,22.99,9.82,2.61,0,97.25
2022-03-11,23.93,24.03,15.91,24.09,10.16,2.75,0,100.87
2022-03-12,19.06,18.48,13.6,21.95,9.72,2.26,0,85.07
2022-03-13,15.85,15.35,11.12,19.14,7.96,1.82,0,71.24
2022-03-14,19.91,21.27,14.34,21.03,8.91,2.51,0,87.97
2022-03-15,14.11,16.61,10.9,16.04,6.89,2.06,0,66.61
2022-03-16,13.08,15.68,10.54,14.72,6.49,1.98,0,62.49
2022-03-17,11.71,13.95,9.63,12.62,5.79,1.69,0,55.39
2022-03-18,12.89,15.37,10.36,14.26,6.45,1.85,0,61.18
2022-03-19,6.61,8.28,6.22,8.78,4.22,1.05,0,35.16
2022-03-20,4.82,5.57,4.28,6.19,2.85,0.69,0,24.4
2022-03-21,13.3,14.98,10.33,13.59,6.25,1.78,0,60.23
2022-03-22,14.44,16.15,10.99,14.86,6.88,1.9,0,65.22
2022-03-23,15.68,17.4,11.87,16.13,7.52,2.04,0,70.64
2022-03-24,15.48,17.05,11.75,15.92,7.43,2.01,0,69.64
2022-03-25,13.57,14.94,10.4,13.7,6.4,1.77,0,60.78
2022-03-26,8.06,9.59,7.02,10.22,4.88,1.16,0,40.93
2022-03-27,7.2,7.92,6.02,8.89,4.39,0.96,0,35.38
2022-03-28,15.89,17.21,11.93,16.03,7.37,2.04,0,70.47
2022-03-29,16.09,17.16,12.22,16.05,7.57,2.05,0,71.14
2022-03-30,16.15,17.04,12.09,15.93,7.42,2.04,0,70.67
2022-03-31,16.19,16.67,11.87,15.53,7.2,1.94,0,69.4
2022-04-01,16.71,17.36,12.32,16.13,7.46,2.06,0,72.04
2022-04-02,15.85,16.73,11.74,15.65,7.3,1.97,0,69.24
2022-04-03,7.98,8.72,6.69,9.8,4.97,1.13,0,39.29
2022-04-04,8.07,8.76,6.83,10.22,5.34,1.12,0,40.34
2022-04-05,6.71,7.2,5.44,8.63,4.24,0.92,0,33.14
2022-04-06,16.76,17.44,12.12,16.52,7.61,2.05,0,72.5
2022-04-07,16.72,17.24,12,16.56,7.54,2.06,0,72.12
2022-04-08,16.85,17.23,12.08,16.51,7.55,2.07,0,72.29
2022-04-09,8.55,9.19,6.94,10.28,4.93,1.13,0,41.02
2022-04-10,7.34,7.21,5.73,8.61,4.22,0.91,0,34.02
2022-04-11,15.05,15.32,11.14,15.06,6.83,1.94,0,65.34
2022-04-12,13.58,14.32,10.42,13.54,6.3,1.78,0,59.94
2022-04-13,10.98,11.56,8.71,10.92,5.19,1.51,0,48.87
2022-04-14,9.83,10.35,8.11,10.07,4.97,1.53,0,44.86
2022-04-15,7.92,8.38,7.06,7.9,4.43,1.19,0,36.88
2022-04-16,2.7,2.69,2.61,2.84,1.94,0.41,0,13.19
2022-04-17,2.25,2.54,2.27,2.4,1.64,0.3,0,11.4
2022-04-18,5.69,5.98,4.91,5.71,3.44,0.88,0,26.61
2022-04-19,5.82,6.79,5.06,5.33,3.18,0.91,0,27.09
2022-04-20,6.49,7.11,5.37,5.62,3.62,0.95,0,29.16
2022-04-21,6.77,7.48,5.65,5.75,3.82,1,0,30.47
2022-04-22,6.81,7.45,5.63,5.72,3.86,1.02,0,30.49
2022-04-23,3.43,3.58,3.06,3.24,2.22,0.49,0,16.02
2022-04-24,6.87,7.68,5.36,6.45,3.79,1.01,0,31.16
2022-04-25,8.08,8.91,6.5,8.06,4.29,1.23,0,37.07
2022-04-26,8.56,9.26,6.78,8.5,4.51,1.31,0,38.92
2022-04-27,9.09,9.96,7,9.19,4.81,1.31,0,41.36
2022-04-28,8.89,9.63,6.81,9.01,4.65,1.31,0,40.3
2022-04-29,9.54,10.41,7.3,9.53,5.08,1.4,0,43.26
2022-04-30,5.46,5.67,4.2,6.23,3.35,0.71,0,25.62
2022-05-01,5.55,5.65,4.32,6.68,3.69,0.76,0,26.65
2022-05-02,5.84,5.96,4.46,7.08,3.83,0.83,0,28
2022-05-03,6.34,6.34,4.87,7.41,4,0.81,0,29.77
2022-05-04,6.25,6.47,4.82,7.37,3.57,0.84,0,29.32
2022-05-05,12.26,12.77,8.81,12.17,5.84,1.65,0,53.5
2022-05-06,13.36,13.7,9.51,13.07,6.27,1.68,0,57.59
2022-05-07,13.44,13.65,9.68,13.43,6.22,1.69,0,58.11
2022-05-08,8.13,7.74,6.23,9.44,4.52,0.99,0,37.05
2022-05-09,16.54,16.19,11.3,16.14,7.35,1.97,0,69.49
2022-05-10,16.69,16.38,11.36,16.26,7.34,1.93,0,69.96
2022-05-11,17.71,17.72,12.09,17.73,7.75,2.07,0,75.07
2022-05-12,17.52,17.48,12.07,17.43,7.65,2.02,0,74.17
2022-05-13,18.06,18,12.31,18.25,7.9,2.03,0,76.55
2022-05-14,14.42,13.77,9.32,17.29,6.88,1.48,0,63.16
2022-05-15,12.86,12.07,8.36,15.88,6.12,1.37,0,56.66
2022-05-16,19.67,19.67,13.57,20.23,8.71,2.31,0,84.16
2022-05-17,20.6,19.82,13.81,20.25,8.87,2.31,0,85.66
2022-05-18,20.02,19.48,13.49,19.79,8.69,2.25,0,83.72
2022-05-19,20.43,19.7,13.73,20.02,8.92,2.34,0,85.14
2022-05-20,22.48,21.27,14.87,22.11,9.45,2.44,0,92.62
2022-05-21,16.02,14.51,10.99,17.99,7.61,1.66,0,68.78
2022-05-22,14.66,13.21,10.08,17.03,7.03,1.6,0,63.61
2022-05-23,21.68,20.97,14.76,21.47,9.52,2.55,0,90.95
2022-05-24,21.83,21.25,14.91,21.67,9.6,2.89,0,92.15
2022-05-25,22.7,21.77,15.32,22.71,9.98,2.9,0,95.38
2022-05-26,22.17,21.55,15.07,22.14,9.81,2.86,0,93.6
2022-05-27,23.75,22.74,15.96,23.85,10.42,3.16,0,99.88
2022-05-28,17.43,15.55,11.91,18.89,8.14,1.81,0,73.73
2022-05-29,14.72,13.19,10.07,16.44,6.88,1.58,0,62.88
2022-05-30,22.16,22.19,15.15,22.03,9.79,2.86,0,94.18
2022-05-31,23.25,22.98,15.79,23.23,10.29,2.94,0,98.48
2022-06-01,24.3,23.53,16.46,23.97,10.62,2.97,0,101.85
2022-06-02,24.7,25.36,16.59,25.07,10.83,3.26,0,105.81
2022-06-03,20.88,19.68,14.4,23.9,10.47,2.12,0,91.45
2022-06-04,17.34,15.93,11.75,18.92,8.24,1.74,0,73.92
2022-06-05,12.52,13.89,8.91,13.58,5.88,1.37,0,56.15
2022-06-06,23.98,25.02,16.45,24.14,10.62,3.03,0,103.24
2022-06-07,24.8,25.32,16.69,24.48,10.95,3.07,0,105.31
2022-06-08,24.88,25.11,16.69,24.25,10.83,3.05,0,104.81
2022-06-09,24.53,24.94,16.54,24.12,10.84,3.04,0,104.01
2022-06-10,26.37,26.76,17.79,25.91,11.58,3.4,0,111.81
2022-06-11,20.27,19.37,13.86,22.05,9.58,2.29,0,87.42
2022-06-12,16.54,16.67,11.47,18.68,7.73,1.98,0,73.07
2022-06-13,24.15,25.17,16.38,23.84,10.4,3.04,0,102.98
2022-06-14,24.35,24.68,16.4,23.62,10.59,3,0,102.64
2022-06-15,25.18,25.37,16.72,24.51,10.87,3.05,0,105.7
2022-06-16,25.22,25.94,16.81,25.06,10.96,3.1,0,107.09
2022-06-17,26.39,27.5,17.45,26.34,11.37,3.46,0,112.51
2022-06-18,19.59,19.27,13.11,21.09,9.12,2.07,0,84.25
2022-06-19,18.08,18.61,12.39,20.4,8.8,2.02,0,80.3
2022-06-20,26.21,27.36,17.45,26.31,11.37,3.22,0,111.92
2022-06-21,26.62,27.24,17.56,26.61,11.56,3.25,0,112.84
2022-06-22,26.63,27.11,17.46,26.13,11.49,3.25,0,112.07
2022-06-23,26.39,26.87,17.18,25.66,11.33,2.96,0,110.39
2022-06-24,26.79,27.49,17.23,25.67,11.17,2.95,0,111.3
2022-06-25,24.4,22.61,15.43,24.96,10.57,2.36,0,100.33
2022-06-26,21.63,20.67,14.06,22.9,9.8,2.14,0,91.2
2022-06-27,27.08,28.46,18.03,27.15,11.96,3.08,0,115.76
2022-06-28,27.18,27.97,18.11,27.02,12.04,3.06,0,115.38
2022-06-29,27.04,27.43,17.94,26.68,11.83,2.99,0,113.91
2022-06-30,27.5,28.06,18.15,27.06,11.83,3.08,0,115.68
2022-07-01,30.28,30.72,19.34,29.63,13.01,3.23,0,126.21
2022-07-02,25.35,23.53,15.99,25.55,10.89,2.74,0,104.05
2022-07-03,23.39,21.68,14.39,23.43,9.98,2.14,0,95.01
2022-07-04,27.82,27.85,18.02,26.69,11.97,3.01,0,115.36
2022-07-05,27.79,27.24,18.2,26.46,12.04,2.95,0,114.68
2022-07-06,27.61,26.86,18.02,26.22,12.02,2.97,0,113.7
2022-07-07,27.02,26.51,17.84,25.89,11.9,2.9,0,112.06
2022-07-08,28.18,27.87,18.39,26.71,12.28,2.97,0,116.4
2022-07-09,22.55,21.16,14.91,23.35,10.18,2.19,0,94.34
2022-07-10,20.14,19.54,13.48,21.56,9.34,1.97,0,86.03
2022-07-11,26.89,27.22,17.96,26.1,11.94,2.94,0,113.05
2022-07-12,26.72,26.38,17.77,25.42,11.72,2.86,0,110.87
2022-07-13,26.38,25.94,17.63,25.1,11.48,2.84,0,109.37
2022-07-14,26.28,25.83,17.51,25.07,11.45,2.82,0,108.96
2022-07-15,26.75,26.93,17.54,25.42,11.55,2.84,0,111.03
2022-07-16,23.32,21.93,15.21,24.24,10.48,2.26,0,97.44
2022-07-17,19.53,19.2,12.96,21.08,8.9,1.88,0,83.55
2022-07-18,27.51,27.98,18.15,26.92,12.12,2.98,0,115.66
2022-07-19,27.85,27.57,18.39,27,12.17,3,0,115.98
2022-07-20,28.27,27.89,18.54,27.12,12.32,2.99,0,117.13
2022-07-21,28.25,27.8,18.39,27.32,12.3,2.96,0,117.02
2022-07-22,29.48,29.76,19.03,28.26,12.69,3.06,0,122.28
2022-07-23,23.88,22.91,15.62,24.61,10.53,2.22,0,99.77
2022-07-24,23.33,22.73,14.96,24.85,10.51,2.16,0,98.54
2022-07-25,27.46,28.51,18.09,26.99,12.1,2.99,0,116.14
2022-07-26,26.8,27.41,17.73,26.22,11.86,2.86,0,112.88
2022-07-27,27.92,28.33,18.26,27.28,12.33,2.95,0,117.07
2022-07-28,28.01,28.25,18.33,26.96,12.21,3,0,116.76
2022-07-29,29.71,30.4,19.15,28.62,11.95,3.22,0,123.05
2022-07-30,24.24,23.99,15.28,25.03,10.59,2.27,0,101.4
2022-07-31,24.56,24.8,15.64,26.72,11.02,2.38,0,105.12
2022-08-01,28.52,29.83,18.69,28.1,12.63,3.02,0,120.79
2022-08-02,28.68,28.97,18.61,27.76,12.37,2.99,0,119.38
2022-08-03,28.86,29.14,18.8,27.8,12.34,3.01,0,119.95
2022-08-04,30.86,30.61,20,30.21,13.13,3.08,0,127.89
2022-08-05,29.51,30.81,18.92,28.53,12.77,3.01,0,123.55
2022-08-06,23.96,24.27,15.38,25.07,10.75,2.3,0,101.73
2022-08-07,22.99,23.72,14.88,24.65,10.28,2.15,0,98.67
2022-08-08,28.01,29.26,18.27,27.38,12.32,2.97,0,118.21
2022-08-09,28.28,28.47,18.33,27.22,12.26,2.91,0,117.47
2022-08-10,28.63,28.96,18.58,27.68,12.43,2.97,0,119.25
2022-08-11,28.06,28.52,18.21,27.06,12.19,2.87,0,116.91
2022-08-12,28.59,29.71,18.35,27.42,12.31,2.95,0,119.33
2022-08-13,23.86,23.61,15.15,24.3,10.5,2.2,0,99.62
2022-08-14,21.27,22.11,13.97,22.81,9.68,1.96,0,91.8
2022-08-15,27.51,28.92,18.2,26.98,12.27,2.97,0,116.85
2022-08-16,27.41,28.35,18.31,26.96,12.29,2.89,0,116.21
2022-08-17,28.35,28.87,18.67,27.7,12.64,3.01,0,119.24
2022-08-18,28.04,28.3,18.47,27.44,12.5,2.95,0,117.7
2022-08-19,29.17,29.89,19.11,28.42,12.87,3.03,0,122.49
2022-08-20,24.65,23.41,15.19,24.43,10.46,2.17,0,100.31
2022-08-21,22.27,22.67,14.61,24,10.29,2.1,0,95.94
2022-08-22,27.13,28.35,18.06,26.68,12.16,3,0,115.38
2022-08-23,27.24,27.53,18.03,26.54,12.07,2.92,0,114.33
2022-08-24,29.16,29.52,19.06,28.86,13.24,3.14,0,122.98
2022-08-25,28.67,28.64,18.5,27.63,12.77,2.98,0,119.19
2022-08-26,30.25,30.69,19.32,29.5,13.42,3.15,0,126.33
2022-08-27,24.51,24.55,15.49,25.72,11.41,2.47,0,104.15
2022-08-28,25.03,25.56,16.1,27.87,12.51,2.59,0,109.66
2022-08-29,28.12,28.79,18.7,27.96,13.03,3.07,0,119.67
2022-08-30,27.21,27.91,17.98,26.83,12.51,2.91,0,115.35
2022-08-31,27.1,28.46,18.22,27.29,12.68,3.01,0,116.76
2022-09-01,27.43,28.96,18.21,27.37,12.72,3.04,0,117.73
2022-09-02,29.26,31.23,19.2,29.37,13.66,3.29,0,126.01
2022-09-03,23.28,23.78,15.16,25.57,11.6,2.71,0,102.1
2022-09-04,20.12,21.07,13.39,22.13,9.9,2.38,0,88.99
2022-09-05,26.71,28.78,18.09,26.67,12.31,3.32,0,115.88
2022-09-06,28.77,29.9,18.87,28.67,13.36,3.46,0,123.03
2022-09-07,28.3,29.55,18.69,28.12,13.21,3.43,0,121.3
2022-09-08,28.05,29.9,18.53,28.3,13.3,3.41,0,121.49
2022-09-09,31.45,36.02,21.01,33.39,15.4,4.23,0,141.5
2022-09-10,35.25,37.56,22.5,40.47,19.82,3.72,0,159.32
2022-09-11,30.19,30.62,18.66,32.78,15.57,2.87,0,130.69
2022-09-12,21.54,25.99,14.45,25.17,11.4,2.72,0,101.27
2022-09-13,25.96,28.9,17.77,26.26,12.17,3.42,0,114.48
2022-09-14,25.64,27.66,17.66,25.71,11.95,3.38,0,112
2022-09-15,25.45,25.61,17.39,25.05,11.86,3.1,0,108.46
2022-09-16,30.55,33.16,20.51,31.14,14.15,4.05,0,133.56
2022-09-17,26.83,26.44,17.41,28.41,12.9,3.41,0,115.4
2022-09-18,23.36,24.06,15.59,26.34,12.01,3.11,0,104.47
2022-09-19,28.09,30.28,19.06,28.58,13.35,3.75,0,123.11
2022-09-20,28.43,30.27,19.02,28.84,13.51,3.69,0,123.76
2022-09-21,28.94,30.62,19.37,29.23,13.61,3.84,0,125.61
2022-09-22,28.38,30.04,18.92,28.53,13.33,3.62,0,122.82
2022-09-23,30.08,33.29,20.55,31.1,14.3,4.2,0,133.52
2022-09-24,28.07,27.26,17.9,29.63,13.45,3.7,0,120.01
2022-09-25,25.14,25.24,16.47,27.51,12.38,3.51,0,110.25
2022-09-26,27.77,30.3,18.75,28.1,13.04,3.73,0,121.69
2022-09-27,28.32,30.23,18.89,28.57,13.28,3.74,0,123.03
2022-09-28,27.92,29.87,18.65,27.98,12.91,3.75,0,121.08
2022-09-29,28.54,31.22,18.98,28.97,13.37,3.84,0,124.92
2022-09-30,30.19,34.94,20.81,32.73,14.23,4.85,0,137.75
2022-10-01,30.56,31.29,20.05,34.8,13.78,4.38,0,134.86
2022-10-02,30.47,30.4,19.22,33.78,13.43,3.76,0,131.06
2022-10-03,24.4,25.37,15.32,26.84,10.94,2.93,0,105.8
2022-10-04,23.36,24.18,14.14,25.59,11.26,2.38,0,100.91
2022-10-05,23.14,23.47,14.04,24.77,10.99,2.52,0,98.93
2022-10-06,19.61,20.49,12.44,20.62,9.09,2.08,0,84.33
2022-10-07,19.85,22.24,13.55,21.59,9.65,2.65,0,89.53
2022-10-08,26.68,28.79,18.61,27.48,12.49,4.24,0,118.29
2022-10-09,26.59,28.16,18.58,27.53,12.83,4.01,0,117.7
2022-10-10,26.55,28.14,18.41,26.71,12.78,3.61,0,116.2
2022-10-11,26.02,27.2,18.11,25.64,12.28,3.52,0,112.77
2022-10-12,23.82,25.68,17.13,23.95,11.55,3.41,0,105.54
2022-10-13,21.18,24.02,15.45,22.05,10.53,3.09,0,96.32
2022-10-14,21.8,24.92,16.17,22.99,10.89,3.31,0,100.08
2022-10-15,13.45,15.17,10.47,15.78,7.56,1.87,0,64.3
2022-10-16,12.98,14.02,9.83,15.18,7.26,1.87,0,61.14
2022-10-17,22.65,23.89,16.22,22.85,11.1,3.15,0,99.86
2022-10-18,23.47,24.17,16.59,23.5,11.39,3.18,0,102.3
2022-10-19,24.3,24.77,17.07,24.43,11.72,3.36,0,105.65
2022-10-20,24.61,25.19,17.16,24.79,11.99,3.35,0,107.09
2022-10-21,26.41,27.56,18.4,27.06,12.79,3.85,0,116.07
2022-10-22,20.54,20.27,14.27,22.64,10.84,2.99,0,91.55
2022-10-23,18.9,19.44,13.34,21.42,10.19,2.47,0,85.76
2022-10-24,24.67,26.94,17.69,25.59,12.23,3.18,0,110.3
2022-10-25,25.98,27.01,17.87,25.92,12.57,3.2,0,112.55
2022-10-26,25.99,26.85,17.86,25.76,12.37,3.22,0,112.05
2022-10-27,25.59,26.39,17.63,25.26,12.11,3.21,0,110.19
2022-10-28,28.09,29.52,19.24,28.26,13.26,3.8,0,122.17
2022-10-29,22.87,22.07,15.47,24.59,12.17,2.92,0,100.09
2022-10-30,19.64,19.73,13.61,22.11,10.72,2.45,0,88.26
2022-10-31,25.93,27.72,18.13,26.64,12.83,3.6,0,114.85
2022-11-01,25.49,26.79,17.73,25.92,12.54,3.48,0,111.95
2022-11-02,26.13,26.98,17.96,26.21,12.62,3.46,0,113.36
2022-11-03,26.16,26.77,18.12,26.06,12.76,3.44,0,113.31
2022-11-04,28.38,29.77,19.61,28.88,13.52,4.2,0,124.36
2022-11-05,23.4,22.24,16.03,25.73,12.16,3.55,0,103.11
2022-11-06,21.39,21.22,14.75,24.49,11.59,3.29,0,96.73
2022-11-07,26.4,27.9,18.24,26.67,12.83,3.6,0,115.64
2022-11-08,26.83,27.67,18.37,26.79,13.12,3.63,0,116.41
2022-11-09,26.69,27.28,18.2,26.55,12.79,3.67,0,115.18
2022-11-10,27.19,28.06,18.61,27.41,13.1,3.72,0,118.09
2022-11-11,28.9,30.26,19.89,29.26,13.67,4.22,0,126.2
2022-11-12,23.96,22.83,16.17,26.14,12.06,3.34,0,104.5
2022-11-13,20.29,20.57,13.92,23.01,10.5,2.83,0,91.12
2022-11-14,26.04,27.73,18.06,26.31,12.56,3.58,0,114.28
2022-11-15,27.36,28.4,18.68,27.49,13.23,3.75,0,118.91
2022-11-16,27.11,27.89,18.51,26.97,12.87,3.74,0,117.09
2022-11-17,25.6,26.4,17.72,24.87,12.04,3.38,0,110.01
2022-11-18,29.02,30.42,20.05,29.16,13.57,4.27,0,126.49
2022-11-19,21.6,20.63,14.63,23.66,10.36,3.29,0,94.17
2022-11-20,20.38,20.6,13.65,23.86,10.66,3.72,0,92.87
2022-11-21,26.03,27.55,18.06,26.52,12.63,3.65,0,114.44
2022-11-22,25.19,25.97,17.5,24.86,11.9,3.39,0,108.81
2022-11-23,26.27,26.67,18.09,25.97,12.54,3.61,0,113.15
2022-11-24,24.82,25.13,17.08,24.47,12.12,3.33,0,106.95
2022-11-25,26.91,27.79,18.7,27.15,13.11,4.06,0,117.72
2022-11-26,20.16,18.75,13.49,21.39,10.59,2.8,0,87.18
2022-11-27,16.94,16.26,11.44,18.71,9.15,2.39,0,74.89
2022-11-28,23.08,24.21,16.25,23.17,11.3,3.2,0,101.21
2022-11-29,22.05,22.2,15.51,21.34,10.57,3,0,94.67
2022-11-30,23.21,23.05,16.16,22.45,11.16,3.16,0,99.19
2022-12-01,23.09,22.91,16.15,22.39,11.18,3.13,0,98.85
2022-12-02,24.34,24.24,17.05,24.03,11.98,3.51,0,105.15
2022-12-03,13.19,12.4,9.54,13.72,6.92,1.57,0,57.34
2022-12-04,12.02,11.4,8.47,12.85,6.38,1.57,0,52.69
2022-12-05,23.47,23.46,16.59,23.08,11.51,3.23,0,101.34
2022-12-06,24.49,24.41,17.11,24.22,12.08,3.39,0,105.7
2022-12-07,24.95,24.69,17.34,24.41,12.17,3.4,0,106.96
2022-12-08,24.9,24.4,17.18,24.66,12.04,3.36,0,106.54
2022-12-09,25.39,25.3,17.78,25.3,12.18,3.62,0,109.57
2022-12-10,18.05,17.17,12.63,19.95,8.95,2.48,0,79.23
2022-12-11,17.83,17.32,12.41,20.74,9.19,2.62,0,80.11
2022-12-12,25.06,26.03,17.61,26.48,12.23,3.94,0,111.35
2022-12-13,24.02,24.5,16.78,25,11.65,3.56,0,105.51
2022-12-14,23.09,23.48,16.16,23.65,11.17,3.31,0,100.86
2022-12-15,21.42,21.92,15.12,21.85,10.45,2.95,0,93.71
2022-12-16,19.65,20.58,13.8,20.15,9.46,2.7,0,86.34
2022-12-17,11.05,11.34,7.92,12.44,5.66,1.41,0,49.82
2022-12-18,8.74,9.15,6.22,10.17,4.58,1.15,0,40.01
2022-12-19,12.95,14.29,9.58,13.5,6.46,1.72,0,58.5
2022-12-20,10.99,12.17,8.08,11.44,5.55,1.46,0,49.69
2022-12-21,9.15,10.44,6.75,9.65,4.7,1.21,0,41.9
2022-12-22,7.59,8.74,5.66,8.05,3.96,1,0,35
2022-12-23,6.96,8.3,5.19,7.63,3.65,0.94,0,32.67
2022-12-24,5.01,5.96,3.83,6.07,2.72,0.76,0,24.35
2022-12-25,5.45,6.16,3.91,6.6,2.84,0.78,0,25.74